DefectID,CheckID,DefectType,QuantityDefected
"DEF-1","QC-59","Scratch","4"
"DEF-2","QC-81","Missing Component","3"
"DEF-3","QC-122","Functional Failure","2"
"DEF-4","QC-138","Functional Failure","4"
"DEF-5","QC-140","Incorrect Color","4"
"DEF-6","QC-151","Scratch","5"
"DEF-7","QC-191","Scratch","5"
"DEF-8","QC-218","Dent","3"
"DEF-9","QC-226","Missing Component","4"
"DEF-10","QC-230","Missing Component","4"
"DEF-11","QC-244","Missing Component","5"
"DEF-12","QC-269","Scratch","2"
"DEF-13","QC-294","Dent","5"
"DEF-14","QC-318","Dent","5"
"DEF-15","QC-324","Incorrect Color","2"
"DEF-16","QC-336","Functional Failure","2"
"DEF-17","QC-349","Scratch","4"
"DEF-18","QC-395","Scratch","5"
"DEF-19","QC-423","Dent","1"
"DEF-20","QC-443","Incorrect Color","2"
"DEF-21","QC-487","Dent","2"
"DEF-22","QC-507","Dent","1"
"DEF-23","QC-512","Dent","1"
"DEF-24","QC-519","Incorrect Color","2"
"DEF-25","QC-541","Missing Component","5"
"DEF-26","QC-552","Incorrect Color","2"
"DEF-27","QC-586","Dent","1"
"DEF-28","QC-617","Missing Component","2"
"DEF-29","QC-632","Incorrect Color","5"
"DEF-30","QC-660","Dent","1"
"DEF-31","QC-673","Incorrect Color","3"
"DEF-32","QC-675","Incorrect Color","4"
"DEF-33","QC-679","Missing Component","4"
"DEF-34","QC-693","Incorrect Color","1"
"DEF-35","QC-718","Dent","2"
"DEF-36","QC-734","Incorrect Color","4"
"DEF-37","QC-735","Functional Failure","5"
"DEF-38","QC-768","Missing Component","5"
"DEF-39","QC-782","Dent","4"
"DEF-40","QC-801","Incorrect Color","4"
"DEF-41","QC-821","Missing Component","2"
"DEF-42","QC-839","Missing Component","5"
"DEF-43","QC-841","Missing Component","3"
"DEF-44","QC-856","Scratch","4"
"DEF-45","QC-860","Functional Failure","5"
"DEF-46","QC-880","Functional Failure","1"
"DEF-47","QC-951","Missing Component","2"
"DEF-48","QC-1024","Incorrect Color","3"
"DEF-49","QC-1048","Scratch","4"
"DEF-50","QC-1066","Incorrect Color","3"
"DEF-51","QC-1070","Functional Failure","4"
"DEF-52","QC-1085","Scratch","4"
"DEF-53","QC-1101","Dent","5"
"DEF-54","QC-1106","Incorrect Color","5"
"DEF-55","QC-1121","Missing Component","3"
"DEF-56","QC-1124","Missing Component","5"
"DEF-57","QC-1133","Functional Failure","3"
"DEF-58","QC-1153","Scratch","3"
"DEF-59","QC-1159","Functional Failure","1"
"DEF-60","QC-1176","Missing Component","4"
"DEF-61","QC-1196","Scratch","4"
"DEF-62","QC-1211","Dent","1"
"DEF-63","QC-1230","Dent","5"
"DEF-64","QC-1235","Scratch","5"
"DEF-65","QC-1271","Incorrect Color","4"
"DEF-66","QC-1316","Dent","1"
"DEF-67","QC-1321","Functional Failure","4"
"DEF-68","QC-1330","Functional Failure","4"
"DEF-69","QC-1332","Scratch","4"
"DEF-70","QC-1340","Scratch","1"
"DEF-71","QC-1364","Incorrect Color","3"
"DEF-72","QC-1380","Scratch","5"
"DEF-73","QC-1394","Missing Component","4"
"DEF-74","QC-1399","Functional Failure","4"
"DEF-75","QC-1443","Scratch","2"
"DEF-76","QC-1471","Dent","5"
"DEF-77","QC-1509","Incorrect Color","3"
"DEF-78","QC-1513","Functional Failure","2"
"DEF-79","QC-1532","Functional Failure","5"
"DEF-80","QC-1567","Scratch","3"
"DEF-81","QC-1578","Scratch","5"
"DEF-82","QC-1588","Missing Component","1"
"DEF-83","QC-1617","Scratch","4"
"DEF-84","QC-1681","Missing Component","2"
"DEF-85","QC-1690","Scratch","4"
"DEF-86","QC-1697","Missing Component","5"
"DEF-87","QC-1739","Scratch","2"
"DEF-88","QC-1784","Dent","4"
"DEF-89","QC-1795","Incorrect Color","1"
"DEF-90","QC-1833","Missing Component","4"
"DEF-91","QC-1840","Scratch","4"
"DEF-92","QC-1845","Functional Failure","1"
"DEF-93","QC-1848","Scratch","4"
"DEF-94","QC-1857","Scratch","4"
"DEF-95","QC-1865","Incorrect Color","1"
"DEF-96","QC-1912","Scratch","1"
"DEF-97","QC-1916","Missing Component","3"
"DEF-98","QC-1934","Incorrect Color","3"
"DEF-99","QC-1943","Dent","2"
"DEF-100","QC-1949","Dent","3"
"DEF-101","QC-1997","Scratch","3"
"DEF-102","QC-1998","Missing Component","3"
"DEF-103","QC-2021","Missing Component","5"
"DEF-104","QC-2077","Scratch","4"
"DEF-105","QC-2126","Dent","3"
"DEF-106","QC-2130","Missing Component","1"
"DEF-107","QC-2147","Missing Component","3"
"DEF-108","QC-2160","Missing Component","5"
"DEF-109","QC-2186","Scratch","1"
"DEF-110","QC-2209","Dent","4"
"DEF-111","QC-2210","Dent","4"
"DEF-112","QC-2216","Missing Component","5"
"DEF-113","QC-2217","Incorrect Color","1"
"DEF-114","QC-2240","Functional Failure","1"
"DEF-115","QC-2245","Dent","1"
"DEF-116","QC-2266","Dent","5"
"DEF-117","QC-2269","Incorrect Color","4"
"DEF-118","QC-2281","Dent","3"
"DEF-119","QC-2292","Dent","4"
"DEF-120","QC-2321","Functional Failure","1"
"DEF-121","QC-2329","Scratch","4"
"DEF-122","QC-2340","Scratch","2"
"DEF-123","QC-2342","Dent","2"
"DEF-124","QC-2349","Functional Failure","2"
"DEF-125","QC-2358","Missing Component","3"
"DEF-126","QC-2365","Functional Failure","2"
"DEF-127","QC-2374","Missing Component","4"
"DEF-128","QC-2399","Functional Failure","1"
"DEF-129","QC-2402","Scratch","5"
"DEF-130","QC-2415","Dent","5"
"DEF-131","QC-2444","Incorrect Color","4"
"DEF-132","QC-2457","Functional Failure","4"
"DEF-133","QC-2534","Missing Component","2"
"DEF-134","QC-2555","Scratch","3"
"DEF-135","QC-2601","Incorrect Color","2"
"DEF-136","QC-2621","Functional Failure","3"
"DEF-137","QC-2627","Functional Failure","2"
"DEF-138","QC-2649","Dent","3"
"DEF-139","QC-2655","Functional Failure","4"
"DEF-140","QC-2698","Incorrect Color","4"
"DEF-141","QC-2700","Dent","2"
"DEF-142","QC-2701","Missing Component","5"
"DEF-143","QC-2714","Functional Failure","2"
"DEF-144","QC-2739","Functional Failure","1"
"DEF-145","QC-2741","Scratch","1"
"DEF-146","QC-2757","Incorrect Color","1"
"DEF-147","QC-2766","Incorrect Color","5"
"DEF-148","QC-2773","Dent","3"
"DEF-149","QC-2796","Dent","1"
"DEF-150","QC-2824","Functional Failure","5"
"DEF-151","QC-2856","Missing Component","2"
"DEF-152","QC-2865","Functional Failure","3"
"DEF-153","QC-2869","Functional Failure","1"
"DEF-154","QC-2873","Functional Failure","4"
"DEF-155","QC-2884","Scratch","4"
"DEF-156","QC-2885","Functional Failure","5"
"DEF-157","QC-2896","Missing Component","4"
"DEF-158","QC-2898","Incorrect Color","3"
"DEF-159","QC-2902","Scratch","3"
"DEF-160","QC-2919","Scratch","3"
"DEF-161","QC-2930","Missing Component","5"
"DEF-162","QC-2968","Incorrect Color","2"
"DEF-163","QC-2973","Functional Failure","1"
"DEF-164","QC-2981","Scratch","5"
"DEF-165","QC-3023","Scratch","4"
"DEF-166","QC-3037","Dent","5"
"DEF-167","QC-3044","Dent","3"
"DEF-168","QC-3059","Dent","2"
"DEF-169","QC-3065","Functional Failure","3"
"DEF-170","QC-3144","Functional Failure","2"
"DEF-171","QC-3181","Functional Failure","2"
"DEF-172","QC-3204","Functional Failure","3"
"DEF-173","QC-3218","Dent","1"
"DEF-174","QC-3232","Functional Failure","3"
"DEF-175","QC-3235","Missing Component","2"
"DEF-176","QC-3246","Scratch","4"
"DEF-177","QC-3258","Incorrect Color","2"
"DEF-178","QC-3271","Dent","4"
"DEF-179","QC-3309","Missing Component","5"
"DEF-180","QC-3324","Incorrect Color","2"
"DEF-181","QC-3330","Missing Component","1"
"DEF-182","QC-3344","Incorrect Color","2"
"DEF-183","QC-3353","Missing Component","5"
"DEF-184","QC-3428","Functional Failure","5"
"DEF-185","QC-3431","Missing Component","2"
"DEF-186","QC-3433","Missing Component","5"
"DEF-187","QC-3440","Scratch","2"
"DEF-188","QC-3453","Dent","3"
"DEF-189","QC-3458","Missing Component","5"
"DEF-190","QC-3469","Missing Component","3"
"DEF-191","QC-3471","Dent","5"
"DEF-192","QC-3491","Missing Component","5"
"DEF-193","QC-3504","Scratch","4"
"DEF-194","QC-3516","Functional Failure","1"
"DEF-195","QC-3531","Dent","4"
"DEF-196","QC-3535","Functional Failure","3"
"DEF-197","QC-3558","Missing Component","4"
"DEF-198","QC-3592","Missing Component","5"
"DEF-199","QC-3644","Functional Failure","5"
"DEF-200","QC-3690","Functional Failure","4"
"DEF-201","QC-3694","Scratch","1"
"DEF-202","QC-3701","Dent","2"
"DEF-203","QC-3721","Incorrect Color","1"
"DEF-204","QC-3737","Missing Component","1"
"DEF-205","QC-3761","Scratch","1"
"DEF-206","QC-3800","Dent","1"
"DEF-207","QC-3801","Scratch","1"
"DEF-208","QC-3823","Scratch","2"
"DEF-209","QC-3844","Functional Failure","1"
"DEF-210","QC-3879","Scratch","3"
"DEF-211","QC-3954","Dent","1"
"DEF-212","QC-3968","Dent","3"
"DEF-213","QC-3982","Incorrect Color","3"
"DEF-214","QC-3995","Scratch","4"
"DEF-215","QC-4030","Incorrect Color","1"
"DEF-216","QC-4035","Dent","3"
"DEF-217","QC-4057","Scratch","3"
"DEF-218","QC-4081","Dent","5"
"DEF-219","QC-4162","Dent","5"
"DEF-220","QC-4194","Functional Failure","3"
"DEF-221","QC-4215","Dent","1"
"DEF-222","QC-4226","Incorrect Color","4"
"DEF-223","QC-4227","Scratch","3"
"DEF-224","QC-4229","Scratch","2"
"DEF-225","QC-4239","Incorrect Color","3"
"DEF-226","QC-4288","Functional Failure","4"
"DEF-227","QC-4298","Dent","5"
"DEF-228","QC-4343","Incorrect Color","5"
"DEF-229","QC-4357","Functional Failure","2"
"DEF-230","QC-4368","Scratch","3"
"DEF-231","QC-4389","Functional Failure","3"
"DEF-232","QC-4392","Scratch","2"
"DEF-233","QC-4408","Scratch","4"
"DEF-234","QC-4417","Dent","4"
"DEF-235","QC-4429","Incorrect Color","3"
"DEF-236","QC-4431","Dent","5"
"DEF-237","QC-4434","Scratch","3"
"DEF-238","QC-4450","Missing Component","1"
"DEF-239","QC-4474","Functional Failure","4"
"DEF-240","QC-4489","Dent","2"
"DEF-241","QC-4550","Incorrect Color","5"
"DEF-242","QC-4570","Functional Failure","1"
"DEF-243","QC-4571","Dent","2"
"DEF-244","QC-4576","Missing Component","4"
"DEF-245","QC-4583","Dent","3"
"DEF-246","QC-4587","Functional Failure","5"
"DEF-247","QC-4597","Functional Failure","1"
"DEF-248","QC-4628","Functional Failure","1"
"DEF-249","QC-4667","Dent","3"
"DEF-250","QC-4677","Functional Failure","3"
"DEF-251","QC-4681","Missing Component","3"
"DEF-252","QC-4684","Dent","2"
"DEF-253","QC-4697","Functional Failure","1"
"DEF-254","QC-4713","Missing Component","4"
"DEF-255","QC-4718","Functional Failure","1"
"DEF-256","QC-4777","Incorrect Color","4"
"DEF-257","QC-4779","Incorrect Color","4"
"DEF-258","QC-4804","Dent","1"
"DEF-259","QC-4807","Missing Component","1"
"DEF-260","QC-4816","Incorrect Color","3"
"DEF-261","QC-4817","Incorrect Color","3"
"DEF-262","QC-4823","Missing Component","2"
"DEF-263","QC-4836","Missing Component","4"
"DEF-264","QC-4856","Missing Component","5"
"DEF-265","QC-4894","Dent","1"
"DEF-266","QC-4906","Functional Failure","3"
"DEF-267","QC-4909","Scratch","5"
"DEF-268","QC-4913","Missing Component","4"
"DEF-269","QC-4938","Incorrect Color","1"
"DEF-270","QC-4983","Functional Failure","5"
"DEF-271","QC-4989","Scratch","4"
"DEF-272","QC-5036","Missing Component","5"
"DEF-273","QC-5093","Functional Failure","4"
"DEF-274","QC-5104","Missing Component","5"
"DEF-275","QC-5114","Scratch","4"
"DEF-276","QC-5118","Incorrect Color","3"
"DEF-277","QC-5127","Missing Component","5"
"DEF-278","QC-5128","Scratch","2"
"DEF-279","QC-5130","Missing Component","3"
"DEF-280","QC-5144","Dent","4"
"DEF-281","QC-5187","Dent","3"
"DEF-282","QC-5190","Functional Failure","2"
"DEF-283","QC-5195","Dent","2"
"DEF-284","QC-5196","Functional Failure","1"
"DEF-285","QC-5210","Incorrect Color","2"
"DEF-286","QC-5216","Scratch","5"
"DEF-287","QC-5223","Missing Component","3"
"DEF-288","QC-5227","Incorrect Color","4"
"DEF-289","QC-5232","Incorrect Color","1"
"DEF-290","QC-5234","Missing Component","4"
"DEF-291","QC-5238","Incorrect Color","5"
"DEF-292","QC-5252","Scratch","3"