DowntimeID,LineID,MachineID,StartTime,EndTime,Reason
"DOWN-1","LINE-A","MAC-11","2025-09-20 00:00:00","2025-09-20 00:00:00","Operator Error"
"DOWN-2","LINE-A","MAC-10","2026-01-22 02:00:00","2026-01-22 02:00:00","Operator Error"
"DOWN-3","LINE-A","MAC-11","2025-06-24 10:00:00","2025-06-24 11:00:00","Material Shortage"
"DOWN-4","LINE-A","MAC-10","2025-05-31 04:00:00","2025-05-31 04:00:00","Power Outage"
"DOWN-5","LINE-A","MAC-11","2025-05-31 06:00:00","2025-05-31 06:00:00","Material Shortage"
"DOWN-6","LINE-B","MAC-20","2025-12-08 11:00:00","2025-12-08 12:00:00","Power Outage"
"DOWN-7","LINE-C","MAC-30","2025-09-16 00:00:00","2025-09-16 00:00:00","Operator Error"
"DOWN-8","LINE-A","MAC-11","2025-09-10 05:00:00","2025-09-10 06:00:00","Material Shortage"
"DOWN-9","LINE-A","MAC-10","2025-12-14 03:00:00","2025-12-14 04:00:00","Material Shortage"
"DOWN-10","LINE-C","MAC-30","2025-09-16 03:00:00","2025-09-16 04:00:00","Material Shortage"
"DOWN-11","LINE-C","MAC-31","2025-08-29 08:00:00","2025-08-29 09:00:00","Unscheduled Maintenance"
"DOWN-12","LINE-C","MAC-31","2026-03-05 01:00:00","2026-03-05 01:00:00","Unscheduled Maintenance"
"DOWN-13","LINE-A","MAC-10","2025-08-30 02:00:00","2025-08-30 03:00:00","Material Shortage"
"DOWN-14","LINE-C","MAC-30","2025-08-08 01:00:00","2025-08-08 02:00:00","Power Outage"
"DOWN-15","LINE-B","MAC-21","2025-09-26 04:00:00","2025-09-26 05:00:00","Material Shortage"
"DOWN-16","LINE-C","MAC-30","2025-04-15 00:00:00","2025-04-15 01:00:00","Unscheduled Maintenance"
"DOWN-17","LINE-A","MAC-10","2026-03-30 10:00:00","2026-03-30 11:00:00","Operator Error"
"DOWN-18","LINE-B","MAC-20","2025-11-29 05:00:00","2025-11-29 05:00:00","Unscheduled Maintenance"
"DOWN-19","LINE-C","MAC-31","2025-12-26 04:00:00","2025-12-26 04:00:00","Unscheduled Maintenance"
"DOWN-20","LINE-B","MAC-21","2026-02-05 01:00:00","2026-02-05 01:00:00","Power Outage"
"DOWN-21","LINE-C","MAC-30","2026-02-19 01:00:00","2026-02-19 02:00:00","Unscheduled Maintenance"
"DOWN-22","LINE-C","MAC-31","2026-02-25 12:00:00","2026-02-25 13:00:00","Material Shortage"
"DOWN-23","LINE-B","MAC-20","2025-12-29 01:00:00","2025-12-29 01:00:00","Unscheduled Maintenance"
"DOWN-24","LINE-C","MAC-30","2025-09-07 00:00:00","2025-09-07 01:00:00","Power Outage"
"DOWN-25","LINE-C","MAC-31","2025-05-19 01:00:00","2025-05-19 01:00:00","Operator Error"
"DOWN-26","LINE-B","MAC-20","2025-05-10 01:00:00","2025-05-10 02:00:00","Power Outage"
"DOWN-27","LINE-B","MAC-20","2025-08-02 10:00:00","2025-08-02 10:00:00","Operator Error"
"DOWN-28","LINE-A","MAC-11","2025-07-07 03:00:00","2025-07-07 03:00:00","Operator Error"
"DOWN-29","LINE-A","MAC-10","2025-07-07 04:00:00","2025-07-07 04:00:00","Material Shortage"
"DOWN-30","LINE-B","MAC-21","2025-10-06 04:00:00","2025-10-06 05:00:00","Unscheduled Maintenance"
"DOWN-31","LINE-A","MAC-11","2026-03-04 00:00:00","2026-03-04 00:00:00","Material Shortage"
"DOWN-32","LINE-C","MAC-30","2025-10-15 01:00:00","2025-10-15 02:00:00","Unscheduled Maintenance"
"DOWN-33","LINE-A","MAC-10","2025-11-30 13:00:00","2025-11-30 13:00:00","Material Shortage"
"DOWN-34","LINE-A","MAC-10","2025-12-14 04:00:00","2025-12-14 05:00:00","Power Outage"
"DOWN-35","LINE-A","MAC-11","2026-02-04 07:00:00","2026-02-04 08:00:00","Operator Error"
"DOWN-36","LINE-C","MAC-31","2026-01-08 06:00:00","2026-01-08 07:00:00","Unscheduled Maintenance"
"DOWN-37","LINE-A","MAC-10","2025-09-15 06:00:00","2025-09-15 06:00:00","Operator Error"
"DOWN-38","LINE-C","MAC-31","2025-09-25 06:00:00","2025-09-25 06:00:00","Unscheduled Maintenance"
"DOWN-39","LINE-B","MAC-20","2025-06-14 11:00:00","2025-06-14 12:00:00","Power Outage"
"DOWN-40","LINE-C","MAC-30","2025-08-30 00:00:00","2025-08-30 01:00:00","Power Outage"
"DOWN-41","LINE-A","MAC-10","2025-05-25 03:00:00","2025-05-25 04:00:00","Unscheduled Maintenance"
"DOWN-42","LINE-A","MAC-10","2025-12-12 06:00:00","2025-12-12 06:00:00","Operator Error"
"DOWN-43","LINE-C","MAC-31","2025-10-16 01:00:00","2025-10-16 02:00:00","Material Shortage"
"DOWN-44","LINE-C","MAC-30","2026-03-23 05:00:00","2026-03-23 05:00:00","Operator Error"
"DOWN-45","LINE-A","MAC-10","2025-10-24 03:00:00","2025-10-24 04:00:00","Power Outage"
"DOWN-46","LINE-A","MAC-11","2025-12-09 02:00:00","2025-12-09 02:00:00","Power Outage"
"DOWN-47","LINE-C","MAC-30","2025-12-28 02:00:00","2025-12-28 02:00:00","Unscheduled Maintenance"
"DOWN-48","LINE-A","MAC-11","2025-10-01 06:00:00","2025-10-01 06:00:00","Unscheduled Maintenance"
"DOWN-49","LINE-C","MAC-30","2025-11-17 03:00:00","2025-11-17 03:00:00","Unscheduled Maintenance"
"DOWN-50","LINE-B","MAC-21","2025-05-22 03:00:00","2025-05-22 03:00:00","Unscheduled Maintenance"
"DOWN-51","LINE-B","MAC-20","2026-03-03 00:00:00","2026-03-03 01:00:00","Operator Error"
"DOWN-52","LINE-B","MAC-21","2026-01-01 05:00:00","2026-01-01 05:00:00","Power Outage"
"DOWN-53","LINE-C","MAC-30","2025-09-10 08:00:00","2025-09-10 08:00:00","Unscheduled Maintenance"
"DOWN-54","LINE-C","MAC-31","2026-02-02 05:00:00","2026-02-02 06:00:00","Material Shortage"
"DOWN-55","LINE-C","MAC-31","2025-10-20 03:00:00","2025-10-20 04:00:00","Operator Error"
"DOWN-56","LINE-B","MAC-21","2025-10-21 02:00:00","2025-10-21 02:00:00","Material Shortage"
"DOWN-57","LINE-B","MAC-21","2025-07-09 01:00:00","2025-07-09 01:00:00","Power Outage"
"DOWN-58","LINE-C","MAC-31","2026-01-09 01:00:00","2026-01-09 02:00:00","Material Shortage"
"DOWN-59","LINE-A","MAC-11","2025-08-26 08:00:00","2025-08-26 09:00:00","Operator Error"
"DOWN-60","LINE-C","MAC-31","2025-11-25 03:00:00","2025-11-25 04:00:00","Operator Error"
"DOWN-61","LINE-B","MAC-20","2025-12-18 03:00:00","2025-12-18 04:00:00","Operator Error"
"DOWN-62","LINE-B","MAC-21","2025-12-18 11:00:00","2025-12-18 11:00:00","Operator Error"
"DOWN-63","LINE-C","MAC-31","2026-01-25 05:00:00","2026-01-25 05:00:00","Operator Error"
"DOWN-64","LINE-C","MAC-31","2026-01-25 09:00:00","2026-01-25 10:00:00","Material Shortage"
"DOWN-65","LINE-C","MAC-31","2026-02-10 02:00:00","2026-02-10 03:00:00","Power Outage"
"DOWN-66","LINE-A","MAC-11","2025-09-24 02:00:00","2025-09-24 03:00:00","Operator Error"
"DOWN-67","LINE-A","MAC-10","2025-09-24 07:00:00","2025-09-24 08:00:00","Material Shortage"
"DOWN-68","LINE-C","MAC-30","2025-09-13 03:00:00","2025-09-13 03:00:00","Unscheduled Maintenance"
"DOWN-69","LINE-C","MAC-30","2026-01-21 08:00:00","2026-01-21 09:00:00","Unscheduled Maintenance"
"DOWN-70","LINE-C","MAC-31","2025-05-02 11:00:00","2025-05-02 12:00:00","Material Shortage"
"DOWN-71","LINE-A","MAC-10","2025-07-08 08:00:00","2025-07-08 09:00:00","Operator Error"
"DOWN-72","LINE-B","MAC-21","2026-01-11 00:00:00","2026-01-11 00:00:00","Operator Error"
"DOWN-73","LINE-A","MAC-11","2025-05-20 04:00:00","2025-05-20 05:00:00","Operator Error"
"DOWN-74","LINE-A","MAC-11","2025-09-11 16:00:00","2025-09-11 16:00:00","Power Outage"
"DOWN-75","LINE-C","MAC-30","2026-02-19 02:00:00","2026-02-19 02:00:00","Power Outage"
"DOWN-76","LINE-B","MAC-21","2025-07-12 04:00:00","2025-07-12 04:00:00","Material Shortage"
"DOWN-77","LINE-B","MAC-20","2025-09-30 05:00:00","2025-09-30 05:00:00","Operator Error"
"DOWN-78","LINE-B","MAC-20","2025-12-11 17:00:00","2025-12-11 18:00:00","Operator Error"
"DOWN-79","LINE-C","MAC-31","2025-04-24 03:00:00","2025-04-24 03:00:00","Power Outage"
"DOWN-80","LINE-A","MAC-10","2025-04-08 04:00:00","2025-04-08 05:00:00","Unscheduled Maintenance"
"DOWN-81","LINE-C","MAC-31","2025-08-27 08:00:00","2025-08-27 08:00:00","Operator Error"
"DOWN-82","LINE-A","MAC-11","2025-07-07 00:00:00","2025-07-07 00:00:00","Power Outage"
"DOWN-83","LINE-B","MAC-21","2025-12-02 02:00:00","2025-12-02 03:00:00","Unscheduled Maintenance"
"DOWN-84","LINE-C","MAC-30","2025-11-04 06:00:00","2025-11-04 06:00:00","Material Shortage"
"DOWN-85","LINE-A","MAC-11","2025-09-01 01:00:00","2025-09-01 02:00:00","Unscheduled Maintenance"
"DOWN-86","LINE-B","MAC-21","2026-01-01 02:00:00","2026-01-01 03:00:00","Unscheduled Maintenance"
"DOWN-87","LINE-A","MAC-11","2025-06-22 06:00:00","2025-06-22 06:00:00","Operator Error"
"DOWN-88","LINE-A","MAC-11","2025-05-06 14:00:00","2025-05-06 14:00:00","Material Shortage"
"DOWN-89","LINE-A","MAC-11","2025-08-26 00:00:00","2025-08-26 00:00:00","Operator Error"
"DOWN-90","LINE-B","MAC-20","2025-08-25 11:00:00","2025-08-25 12:00:00","Operator Error"
"DOWN-91","LINE-B","MAC-20","2025-10-30 08:00:00","2025-10-30 09:00:00","Operator Error"
"DOWN-92","LINE-C","MAC-30","2025-06-22 02:00:00","2025-06-22 03:00:00","Unscheduled Maintenance"
"DOWN-93","LINE-C","MAC-31","2025-06-22 10:00:00","2025-06-22 11:00:00","Unscheduled Maintenance"
"DOWN-94","LINE-C","MAC-31","2025-06-22 12:00:00","2025-06-22 12:00:00","Power Outage"
"DOWN-95","LINE-A","MAC-10","2025-11-21 09:00:00","2025-11-21 09:00:00","Operator Error"
"DOWN-96","LINE-A","MAC-11","2025-11-21 16:00:00","2025-11-21 17:00:00","Material Shortage"
"DOWN-97","LINE-A","MAC-11","2025-08-24 10:00:00","2025-08-24 10:00:00","Power Outage"
"DOWN-98","LINE-C","MAC-31","2026-01-18 03:00:00","2026-01-18 04:00:00","Operator Error"
"DOWN-99","LINE-A","MAC-11","2025-09-12 06:00:00","2025-09-12 07:00:00","Power Outage"
"DOWN-100","LINE-C","MAC-30","2025-05-30 02:00:00","2025-05-30 03:00:00","Material Shortage"
"DOWN-101","LINE-C","MAC-30","2026-03-18 01:00:00","2026-03-18 02:00:00","Operator Error"
"DOWN-102","LINE-A","MAC-11","2026-01-20 02:00:00","2026-01-20 03:00:00","Power Outage"
"DOWN-103","LINE-B","MAC-21","2025-09-24 01:00:00","2025-09-24 01:00:00","Power Outage"
"DOWN-104","LINE-C","MAC-31","2026-03-28 04:00:00","2026-03-28 04:00:00","Operator Error"
"DOWN-105","LINE-A","MAC-10","2025-08-12 01:00:00","2025-08-12 02:00:00","Unscheduled Maintenance"
"DOWN-106","LINE-A","MAC-11","2025-08-12 04:00:00","2025-08-12 05:00:00","Unscheduled Maintenance"
"DOWN-107","LINE-B","MAC-20","2025-11-16 10:00:00","2025-11-16 11:00:00","Operator Error"
"DOWN-108","LINE-A","MAC-11","2025-10-09 10:00:00","2025-10-09 11:00:00","Power Outage"
"DOWN-109","LINE-A","MAC-10","2025-07-16 06:00:00","2025-07-16 06:00:00","Unscheduled Maintenance"
"DOWN-110","LINE-A","MAC-11","2025-08-04 07:00:00","2025-08-04 08:00:00","Operator Error"
"DOWN-111","LINE-A","MAC-11","2025-09-29 08:00:00","2025-09-29 09:00:00","Material Shortage"
"DOWN-112","LINE-C","MAC-30","2025-04-19 05:00:00","2025-04-19 05:00:00","Operator Error"
"DOWN-113","LINE-B","MAC-20","2025-06-01 04:00:00","2025-06-01 04:00:00","Unscheduled Maintenance"
"DOWN-114","LINE-B","MAC-21","2025-09-19 15:00:00","2025-09-19 16:00:00","Unscheduled Maintenance"
"DOWN-115","LINE-C","MAC-30","2025-04-30 00:00:00","2025-04-30 00:00:00","Power Outage"
"DOWN-116","LINE-A","MAC-10","2026-02-20 05:00:00","2026-02-20 06:00:00","Unscheduled Maintenance"
"DOWN-117","LINE-A","MAC-10","2025-10-11 02:00:00","2025-10-11 03:00:00","Material Shortage"
"DOWN-118","LINE-A","MAC-10","2025-10-11 11:00:00","2025-10-11 11:00:00","Power Outage"