MaintenanceID,MachineID,DateScheduled,MaintenanceType,Status
"MAINT-1","MAC-10","2025-09-06","Preventative","Completed"
"MAINT-2","MAC-10","2026-03-07","Corrective","Completed"
"MAINT-3","MAC-10","2025-11-21","Emergency","Completed"
"MAINT-4","MAC-10","2025-10-16","Emergency","Completed"
"MAINT-5","MAC-10","2025-06-18","Corrective","Completed"
"MAINT-6","MAC-11","2025-09-05","Preventative","Completed"
"MAINT-7","MAC-11","2026-01-17","Emergency","Completed"
"MAINT-8","MAC-11","2025-06-10","Emergency","Completed"
"MAINT-9","MAC-11","2026-01-05","Corrective","Completed"
"MAINT-10","MAC-11","2026-03-07","Preventative","Completed"
"MAINT-11","MAC-20","2025-08-23","Emergency","Completed"
"MAINT-12","MAC-20","2025-10-02","Preventative","Completed"
"MAINT-13","MAC-20","2025-05-09","Preventative","Completed"
"MAINT-14","MAC-20","2025-09-12","Emergency","Completed"
"MAINT-15","MAC-20","2025-12-17","Preventative","Completed"
"MAINT-16","MAC-21","2025-11-19","Corrective","Completed"
"MAINT-17","MAC-21","2025-11-06","Corrective","Completed"
"MAINT-18","MAC-21","2025-10-07","Corrective","Completed"
"MAINT-19","MAC-21","2026-03-29","Emergency","Completed"
"MAINT-20","MAC-21","2025-04-30","Preventative","Completed"
"MAINT-21","MAC-30","2026-02-15","Corrective","Completed"
"MAINT-22","MAC-30","2025-08-21","Emergency","Completed"
"MAINT-23","MAC-30","2025-09-28","Preventative","Completed"
"MAINT-24","MAC-30","2026-01-08","Emergency","Completed"
"MAINT-25","MAC-30","2025-12-25","Preventative","Completed"
"MAINT-26","MAC-31","2026-03-14","Preventative","Completed"
"MAINT-27","MAC-31","2025-08-04","Corrective","Completed"
"MAINT-28","MAC-31","2025-04-28","Preventative","Completed"
"MAINT-29","MAC-31","2026-01-22","Emergency","Completed"
"MAINT-30","MAC-31","2026-01-26","Corrective","Completed"