WorkOrderID,ProductID,Quantity,DateCreated,Status
"WO-10001","PROD-101","207","2025-09-17","In Progress"
"WO-10002","PROD-103","376","2026-03-14","Completed"
"WO-10003","PROD-101","527","2025-12-31","Completed"
"WO-10004","PROD-104","283","2025-08-11","Pending"
"WO-10005","PROD-103","870","2025-09-07","In Progress"
"WO-10006","PROD-103","986","2026-02-08","Completed"
"WO-10007","PROD-104","764","2025-11-03","In Progress"
"WO-10008","PROD-101","109","2026-01-12","Completed"
"WO-10009","PROD-101","125","2025-08-27","In Progress"
"WO-10010","PROD-103","348","2025-05-02","Pending"
"WO-10011","PROD-102","553","2025-10-24","In Progress"
"WO-10012","PROD-102","856","2026-02-08","Completed"
"WO-10013","PROD-102","803","2026-01-18","In Progress"
"WO-10014","PROD-102","397","2025-10-23","Pending"
"WO-10015","PROD-103","268","2025-09-11","Pending"
"WO-10016","PROD-103","259","2025-11-18","Pending"
"WO-10017","PROD-104","476","2025-09-19","In Progress"
"WO-10018","PROD-103","187","2026-02-13","In Progress"
"WO-10019","PROD-102","894","2025-06-28","Completed"
"WO-10020","PROD-102","461","2025-09-13","Completed"
"WO-10021","PROD-103","194","2025-11-13","In Progress"
"WO-10022","PROD-103","688","2026-01-07","Pending"
"WO-10023","PROD-101","696","2025-12-07","Completed"
"WO-10024","PROD-104","559","2025-05-10","Pending"
"WO-10025","PROD-104","543","2025-11-28","Pending"
"WO-10026","PROD-103","138","2025-12-09","Pending"
"WO-10027","PROD-104","562","2026-01-09","In Progress"
"WO-10028","PROD-102","157","2026-01-21","In Progress"
"WO-10029","PROD-103","986","2025-06-23","Completed"
"WO-10030","PROD-104","717","2025-12-03","In Progress"
"WO-10031","PROD-103","749","2025-11-20","Pending"
"WO-10032","PROD-102","900","2025-12-07","Completed"
"WO-10033","PROD-101","496","2025-08-08","In Progress"
"WO-10034","PROD-101","588","2025-07-15","In Progress"
"WO-10035","PROD-102","218","2025-10-23","Pending"
"WO-10036","PROD-102","977","2025-05-30","Completed"
"WO-10037","PROD-103","450","2025-10-20","In Progress"
"WO-10038","PROD-103","487","2026-01-08","In Progress"
"WO-10039","PROD-101","418","2025-08-19","Completed"
"WO-10040","PROD-103","724","2025-07-06","Pending"
"WO-10041","PROD-102","629","2025-07-27","In Progress"
"WO-10042","PROD-104","230","2025-10-25","Completed"
"WO-10043","PROD-104","168","2025-04-03","In Progress"
"WO-10044","PROD-103","783","2025-12-07","In Progress"
"WO-10045","PROD-103","477","2025-05-26","Completed"
"WO-10046","PROD-101","229","2025-09-28","Pending"
"WO-10047","PROD-102","909","2026-02-19","In Progress"
"WO-10048","PROD-102","576","2025-09-10","Pending"
"WO-10049","PROD-101","576","2025-07-23","Pending"
"WO-10050","PROD-103","526","2026-02-24","In Progress"
"WO-10051","PROD-102","261","2025-09-06","In Progress"
"WO-10052","PROD-103","909","2025-06-01","Pending"
"WO-10053","PROD-103","178","2025-12-02","Completed"
"WO-10054","PROD-104","471","2025-04-11","Completed"
"WO-10055","PROD-103","703","2025-09-15","In Progress"
"WO-10056","PROD-101","202","2025-07-06","Pending"
"WO-10057","PROD-103","734","2025-10-09","In Progress"
"WO-10058","PROD-102","453","2025-12-29","In Progress"
"WO-10059","PROD-104","473","2025-08-19","In Progress"
"WO-10060","PROD-102","272","2025-04-12","Completed"
"WO-10061","PROD-104","559","2025-09-25","Pending"
"WO-10062","PROD-102","176","2026-03-21","Completed"
"WO-10063","PROD-103","697","2026-02-26","In Progress"
"WO-10064","PROD-103","510","2025-06-28","Pending"
"WO-10065","PROD-104","726","2025-05-30","In Progress"
"WO-10066","PROD-103","901","2026-01-31","Completed"
"WO-10067","PROD-101","220","2025-10-20","In Progress"
"WO-10068","PROD-104","320","2025-11-10","In Progress"
"WO-10069","PROD-104","757","2025-07-19","In Progress"
"WO-10070","PROD-104","213","2026-03-25","In Progress"
"WO-10071","PROD-103","948","2025-08-27","Completed"
"WO-10072","PROD-104","221","2025-09-18","Completed"
"WO-10073","PROD-101","672","2025-06-21","In Progress"
"WO-10074","PROD-103","679","2026-02-22","Completed"
"WO-10075","PROD-102","415","2025-04-09","In Progress"
"WO-10076","PROD-101","705","2026-01-25","Completed"
"WO-10077","PROD-102","614","2026-02-28","In Progress"
"WO-10078","PROD-102","377","2025-04-24","In Progress"
"WO-10079","PROD-104","166","2025-07-28","Pending"
"WO-10080","PROD-102","978","2025-12-06","Pending"
"WO-10081","PROD-104","669","2025-09-29","Completed"
"WO-10082","PROD-102","996","2025-12-28","Completed"
"WO-10083","PROD-102","324","2025-06-21","In Progress"
"WO-10084","PROD-103","110","2025-11-17","In Progress"
"WO-10085","PROD-102","177","2025-04-09","In Progress"
"WO-10086","PROD-104","281","2025-12-23","Pending"
"WO-10087","PROD-102","985","2025-12-20","Pending"
"WO-10088","PROD-101","943","2025-07-08","Pending"
"WO-10089","PROD-104","448","2025-05-22","In Progress"
"WO-10090","PROD-101","141","2026-03-28","Pending"
"WO-10091","PROD-104","489","2025-06-03","In Progress"
"WO-10092","PROD-104","747","2026-01-13","Pending"
"WO-10093","PROD-101","618","2025-07-25","Pending"
"WO-10094","PROD-103","785","2025-12-17","Completed"
"WO-10095","PROD-104","958","2025-11-27","Pending"
"WO-10096","PROD-103","854","2026-02-14","Completed"
"WO-10097","PROD-102","703","2026-01-25","In Progress"
"WO-10098","PROD-102","306","2026-02-09","Pending"
"WO-10099","PROD-101","913","2025-12-12","Pending"
"WO-10100","PROD-104","516","2025-06-09","Completed"
"WO-10101","PROD-101","276","2025-09-07","Pending"
"WO-10102","PROD-104","720","2025-07-27","Completed"
"WO-10103","PROD-102","541","2025-09-09","In Progress"
"WO-10104","PROD-102","164","2025-07-30","Pending"
"WO-10105","PROD-102","527","2025-11-08","Pending"
"WO-10106","PROD-103","973","2025-10-11","Pending"
"WO-10107","PROD-104","527","2025-04-08","Completed"
"WO-10108","PROD-104","926","2025-04-05","In Progress"
"WO-10109","PROD-103","240","2025-12-05","Completed"
"WO-10110","PROD-102","217","2025-08-25","Completed"
"WO-10111","PROD-102","337","2025-10-10","Pending"
"WO-10112","PROD-104","806","2026-03-11","Completed"
"WO-10113","PROD-101","454","2025-12-13","In Progress"
"WO-10114","PROD-103","275","2025-12-12","In Progress"
"WO-10115","PROD-102","417","2025-09-15","In Progress"
"WO-10116","PROD-102","666","2025-08-28","Completed"
"WO-10117","PROD-104","289","2026-03-04","In Progress"
"WO-10118","PROD-104","201","2025-09-04","Pending"
"WO-10119","PROD-101","947","2025-04-29","Pending"
"WO-10120","PROD-101","140","2025-09-22","Pending"
"WO-10121","PROD-104","843","2025-05-14","Pending"
"WO-10122","PROD-103","294","2025-11-20","Pending"
"WO-10123","PROD-102","965","2025-04-15","In Progress"
"WO-10124","PROD-102","519","2026-03-28","In Progress"
"WO-10125","PROD-104","773","2025-06-13","Pending"
"WO-10126","PROD-101","429","2025-05-30","Pending"
"WO-10127","PROD-101","835","2025-08-18","In Progress"
"WO-10128","PROD-103","220","2025-08-24","In Progress"
"WO-10129","PROD-104","126","2025-06-12","Completed"
"WO-10130","PROD-104","299","2025-05-13","Completed"
"WO-10131","PROD-102","814","2025-08-29","Completed"
"WO-10132","PROD-101","362","2026-02-18","Pending"
"WO-10133","PROD-102","125","2026-02-23","In Progress"
"WO-10134","PROD-104","622","2025-07-13","Completed"
"WO-10135","PROD-101","466","2025-08-07","In Progress"
"WO-10136","PROD-103","381","2025-08-20","Pending"
"WO-10137","PROD-104","977","2026-03-17","Completed"
"WO-10138","PROD-101","710","2025-09-27","Pending"
"WO-10139","PROD-104","719","2026-01-30","In Progress"
"WO-10140","PROD-104","289","2026-03-20","In Progress"
"WO-10141","PROD-101","535","2026-03-26","Pending"
"WO-10142","PROD-102","618","2025-10-12","Completed"
"WO-10143","PROD-104","189","2026-01-31","In Progress"
"WO-10144","PROD-101","134","2026-01-08","Completed"
"WO-10145","PROD-101","149","2025-10-12","Completed"
"WO-10146","PROD-104","337","2026-02-14","Completed"
"WO-10147","PROD-103","880","2026-01-17","Pending"
"WO-10148","PROD-102","786","2025-08-03","Pending"
"WO-10149","PROD-101","391","2025-08-24","Pending"
"WO-10150","PROD-103","914","2025-09-25","In Progress"
"WO-10151","PROD-103","226","2025-04-14","Completed"
"WO-10152","PROD-103","866","2026-01-13","In Progress"
"WO-10153","PROD-103","992","2025-10-27","Pending"
"WO-10154","PROD-104","587","2025-07-26","Pending"
"WO-10155","PROD-103","364","2025-09-01","In Progress"
"WO-10156","PROD-103","618","2026-03-29","Completed"
"WO-10157","PROD-104","831","2025-04-29","Pending"
"WO-10158","PROD-104","878","2025-09-07","Pending"
"WO-10159","PROD-101","939","2025-10-30","Pending"
"WO-10160","PROD-103","309","2025-04-14","In Progress"
"WO-10161","PROD-102","861","2026-01-05","Pending"
"WO-10162","PROD-101","290","2025-11-05","Completed"
"WO-10163","PROD-103","234","2026-02-05","Completed"
"WO-10164","PROD-101","996","2025-05-07","Pending"
"WO-10165","PROD-102","474","2025-07-25","Completed"
"WO-10166","PROD-103","733","2026-02-18","In Progress"
"WO-10167","PROD-101","621","2026-03-05","Pending"
"WO-10168","PROD-102","583","2025-07-04","In Progress"
"WO-10169","PROD-102","410","2026-01-05","Pending"
"WO-10170","PROD-101","650","2025-11-28","Completed"
"WO-10171","PROD-103","514","2025-10-06","Pending"
"WO-10172","PROD-103","747","2025-09-30","In Progress"
"WO-10173","PROD-103","932","2026-02-07","Completed"
"WO-10174","PROD-102","409","2025-12-22","Pending"
"WO-10175","PROD-102","471","2026-01-11","Pending"
"WO-10176","PROD-102","133","2025-10-31","Completed"
"WO-10177","PROD-104","922","2026-02-18","Pending"
"WO-10178","PROD-104","133","2025-08-30","Pending"
"WO-10179","PROD-102","806","2026-01-09","Completed"
"WO-10180","PROD-103","615","2025-10-09","In Progress"
"WO-10181","PROD-102","434","2025-10-22","Completed"
"WO-10182","PROD-103","371","2025-07-28","Pending"
"WO-10183","PROD-102","899","2025-05-08","Completed"
"WO-10184","PROD-103","893","2025-04-25","Pending"
"WO-10185","PROD-102","415","2025-12-25","In Progress"
"WO-10186","PROD-102","202","2025-11-21","Pending"
"WO-10187","PROD-104","587","2026-01-25","Completed"
"WO-10188","PROD-102","458","2026-02-04","In Progress"
"WO-10189","PROD-103","440","2026-02-12","Pending"
"WO-10190","PROD-102","805","2026-03-22","Pending"
"WO-10191","PROD-104","634","2026-01-18","In Progress"
"WO-10192","PROD-102","628","2026-01-26","Pending"
"WO-10193","PROD-102","188","2025-04-14","Pending"
"WO-10194","PROD-102","848","2025-11-09","Completed"
"WO-10195","PROD-102","736","2025-12-16","Pending"
"WO-10196","PROD-101","187","2025-09-24","Pending"
"WO-10197","PROD-102","502","2025-06-20","Pending"
"WO-10198","PROD-103","943","2026-02-18","Completed"
"WO-10199","PROD-104","507","2025-11-23","Completed"
"WO-10200","PROD-104","312","2025-07-29","Completed"
"WO-10201","PROD-103","847","2025-06-25","Completed"
"WO-10202","PROD-101","488","2025-07-24","Pending"
"WO-10203","PROD-101","489","2026-03-28","Pending"
"WO-10204","PROD-104","563","2026-01-14","Completed"
"WO-10205","PROD-104","457","2026-02-22","In Progress"
"WO-10206","PROD-101","960","2025-07-20","Completed"
"WO-10207","PROD-102","282","2025-11-11","Pending"
"WO-10208","PROD-101","532","2025-10-30","In Progress"
"WO-10209","PROD-101","706","2026-02-26","Completed"
"WO-10210","PROD-103","921","2025-06-17","In Progress"
"WO-10211","PROD-103","374","2025-10-24","In Progress"
"WO-10212","PROD-101","434","2025-04-14","Completed"
"WO-10213","PROD-102","817","2025-09-27","In Progress"
"WO-10214","PROD-102","405","2026-03-18","Pending"
"WO-10215","PROD-103","796","2025-04-20","Pending"
"WO-10216","PROD-101","135","2025-07-29","In Progress"
"WO-10217","PROD-102","266","2025-05-16","In Progress"
"WO-10218","PROD-104","181","2025-07-16","In Progress"
"WO-10219","PROD-102","322","2026-02-22","Pending"
"WO-10220","PROD-101","969","2026-01-29","Completed"
"WO-10221","PROD-104","247","2026-03-04","Completed"
"WO-10222","PROD-102","185","2026-03-09","Pending"
"WO-10223","PROD-103","562","2026-03-14","Pending"
"WO-10224","PROD-101","361","2026-03-12","In Progress"
"WO-10225","PROD-104","635","2025-04-08","Pending"
"WO-10226","PROD-103","987","2026-02-08","In Progress"
"WO-10227","PROD-103","185","2025-11-13","Pending"
"WO-10228","PROD-103","751","2025-10-06","Pending"
"WO-10229","PROD-101","174","2026-01-30","Pending"
"WO-10230","PROD-103","734","2026-02-24","In Progress"
"WO-10231","PROD-104","809","2025-08-08","Pending"
"WO-10232","PROD-101","819","2025-11-12","Pending"
"WO-10233","PROD-103","115","2026-03-03","In Progress"
"WO-10234","PROD-103","515","2025-04-21","In Progress"
"WO-10235","PROD-102","439","2026-03-11","In Progress"
"WO-10236","PROD-102","111","2025-05-29","Completed"
"WO-10237","PROD-103","824","2025-09-23","Pending"
"WO-10238","PROD-101","830","2025-07-14","In Progress"
"WO-10239","PROD-102","433","2025-12-28","Completed"
"WO-10240","PROD-102","304","2025-07-08","Pending"
"WO-10241","PROD-104","639","2025-04-23","Completed"
"WO-10242","PROD-104","584","2025-06-13","In Progress"
"WO-10243","PROD-101","562","2025-11-18","Completed"
"WO-10244","PROD-102","595","2025-04-20","Pending"
"WO-10245","PROD-103","548","2026-02-26","Completed"
"WO-10246","PROD-104","242","2025-10-05","In Progress"
"WO-10247","PROD-103","445","2026-01-29","Pending"
"WO-10248","PROD-101","971","2025-08-23","In Progress"
"WO-10249","PROD-101","536","2025-10-20","Completed"
"WO-10250","PROD-102","648","2025-10-26","In Progress"
"WO-10251","PROD-104","594","2025-12-22","Completed"
"WO-10252","PROD-104","248","2025-09-06","In Progress"
"WO-10253","PROD-102","607","2025-10-09","Completed"
"WO-10254","PROD-103","885","2025-05-18","In Progress"
"WO-10255","PROD-103","726","2025-11-14","In Progress"
"WO-10256","PROD-102","239","2026-02-15","In Progress"
"WO-10257","PROD-104","113","2025-08-09","Completed"
"WO-10258","PROD-104","655","2025-05-09","In Progress"
"WO-10259","PROD-102","774","2026-01-05","Pending"
"WO-10260","PROD-103","403","2025-12-22","In Progress"
"WO-10261","PROD-104","663","2025-08-14","Pending"
"WO-10262","PROD-102","116","2025-11-17","Pending"
"WO-10263","PROD-103","776","2025-04-21","In Progress"
"WO-10264","PROD-101","927","2025-12-14","Pending"
"WO-10265","PROD-101","941","2025-08-01","Completed"
"WO-10266","PROD-104","233","2025-11-09","Pending"
"WO-10267","PROD-103","788","2025-12-15","In Progress"
"WO-10268","PROD-104","898","2025-05-23","Pending"
"WO-10269","PROD-101","948","2025-05-22","In Progress"
"WO-10270","PROD-101","552","2026-02-26","In Progress"
"WO-10271","PROD-104","345","2026-01-14","In Progress"
"WO-10272","PROD-103","395","2025-06-19","Completed"
"WO-10273","PROD-104","278","2025-06-05","Pending"
"WO-10274","PROD-104","819","2026-02-15","Pending"
"WO-10275","PROD-102","890","2025-11-14","Pending"
"WO-10276","PROD-102","778","2025-08-07","Completed"
"WO-10277","PROD-101","529","2025-05-01","In Progress"
"WO-10278","PROD-103","915","2025-10-15","Pending"
"WO-10279","PROD-102","711","2025-10-17","Pending"
"WO-10280","PROD-102","539","2026-02-03","Completed"
"WO-10281","PROD-104","480","2025-05-14","Pending"
"WO-10282","PROD-103","416","2025-07-20","Completed"
"WO-10283","PROD-103","752","2025-06-26","Completed"
"WO-10284","PROD-104","480","2025-11-15","Pending"
"WO-10285","PROD-102","880","2025-12-13","Pending"
"WO-10286","PROD-103","724","2025-09-06","In Progress"
"WO-10287","PROD-102","868","2025-09-06","Completed"
"WO-10288","PROD-104","143","2025-06-17","Pending"
"WO-10289","PROD-101","812","2025-05-21","Pending"
"WO-10290","PROD-103","708","2025-08-29","Pending"
"WO-10291","PROD-103","940","2025-06-28","Pending"
"WO-10292","PROD-104","420","2025-12-30","Pending"
"WO-10293","PROD-103","437","2026-03-08","Pending"
"WO-10294","PROD-101","121","2026-03-25","Pending"
"WO-10295","PROD-104","396","2026-02-03","In Progress"
"WO-10296","PROD-101","927","2026-01-25","Completed"
"WO-10297","PROD-101","894","2025-07-06","Completed"
"WO-10298","PROD-101","250","2025-09-13","In Progress"
"WO-10299","PROD-102","557","2026-03-18","In Progress"
"WO-10300","PROD-101","363","2026-03-23","Completed"
"WO-10301","PROD-103","793","2025-08-08","Pending"
"WO-10302","PROD-103","590","2026-03-20","In Progress"
"WO-10303","PROD-101","304","2026-02-12","In Progress"
"WO-10304","PROD-102","524","2025-07-30","Pending"
"WO-10305","PROD-101","952","2025-12-31","Pending"
"WO-10306","PROD-103","166","2025-05-07","Completed"
"WO-10307","PROD-101","485","2025-08-02","Pending"
"WO-10308","PROD-102","377","2026-02-23","In Progress"
"WO-10309","PROD-104","509","2025-10-06","Completed"
"WO-10310","PROD-104","312","2025-11-21","Completed"
"WO-10311","PROD-104","860","2025-06-01","In Progress"
"WO-10312","PROD-104","503","2025-07-07","In Progress"
"WO-10313","PROD-104","271","2025-10-05","In Progress"
"WO-10314","PROD-103","216","2025-04-11","In Progress"
"WO-10315","PROD-103","129","2025-10-28","Pending"
"WO-10316","PROD-104","213","2026-02-18","Completed"
"WO-10317","PROD-103","174","2025-04-07","In Progress"
"WO-10318","PROD-102","830","2025-06-05","In Progress"
"WO-10319","PROD-102","527","2025-05-09","In Progress"
"WO-10320","PROD-102","440","2025-08-23","In Progress"
"WO-10321","PROD-102","250","2025-10-07","In Progress"
"WO-10322","PROD-103","731","2026-01-08","Completed"
"WO-10323","PROD-101","190","2025-11-26","In Progress"
"WO-10324","PROD-101","465","2026-03-03","In Progress"
"WO-10325","PROD-101","481","2025-07-05","Pending"
"WO-10326","PROD-103","545","2025-11-04","Completed"
"WO-10327","PROD-102","216","2025-08-24","Completed"
"WO-10328","PROD-104","924","2025-11-09","Completed"
"WO-10329","PROD-103","617","2025-08-29","In Progress"
"WO-10330","PROD-103","570","2025-09-21","In Progress"
"WO-10331","PROD-102","274","2026-03-02","Completed"
"WO-10332","PROD-104","347","2026-02-23","Pending"
"WO-10333","PROD-101","217","2025-10-18","In Progress"
"WO-10334","PROD-104","752","2026-01-21","Completed"
"WO-10335","PROD-104","591","2026-01-15","Completed"
"WO-10336","PROD-104","986","2025-12-16","In Progress"
"WO-10337","PROD-102","482","2025-10-14","In Progress"
"WO-10338","PROD-104","768","2025-11-19","In Progress"
"WO-10339","PROD-104","939","2025-11-29","In Progress"
"WO-10340","PROD-103","914","2025-12-14","Pending"
"WO-10341","PROD-101","554","2025-04-17","Completed"
"WO-10342","PROD-103","598","2025-12-13","Completed"
"WO-10343","PROD-103","776","2025-10-17","In Progress"
"WO-10344","PROD-104","989","2025-11-29","Completed"
"WO-10345","PROD-103","293","2025-10-29","In Progress"
"WO-10346","PROD-102","526","2025-10-08","Pending"
"WO-10347","PROD-104","504","2025-10-14","In Progress"
"WO-10348","PROD-102","632","2026-02-03","In Progress"
"WO-10349","PROD-102","860","2025-09-05","Pending"
"WO-10350","PROD-102","883","2025-12-06","In Progress"
"WO-10351","PROD-102","942","2026-02-08","Completed"
"WO-10352","PROD-103","279","2025-04-16","Pending"
"WO-10353","PROD-101","491","2025-04-13","Completed"
"WO-10354","PROD-102","785","2025-10-12","In Progress"
"WO-10355","PROD-104","993","2025-08-09","Pending"
"WO-10356","PROD-104","386","2025-05-19","In Progress"
"WO-10357","PROD-102","727","2025-10-03","Pending"
"WO-10358","PROD-103","108","2025-05-07","Pending"
"WO-10359","PROD-101","664","2026-03-28","Pending"
"WO-10360","PROD-102","488","2025-12-08","Pending"
"WO-10361","PROD-102","680","2025-07-30","In Progress"
"WO-10362","PROD-102","934","2025-06-03","Pending"
"WO-10363","PROD-104","714","2025-07-05","Pending"
"WO-10364","PROD-103","605","2026-01-07","In Progress"
"WO-10365","PROD-103","293","2026-01-08","Pending"
"WO-10366","PROD-101","608","2025-07-09","Completed"
"WO-10367","PROD-102","256","2025-04-09","Pending"
"WO-10368","PROD-104","211","2026-01-17","Pending"
"WO-10369","PROD-101","401","2025-09-24","Completed"
"WO-10370","PROD-101","520","2025-09-14","In Progress"
"WO-10371","PROD-104","856","2025-09-24","In Progress"
"WO-10372","PROD-101","828","2025-08-06","Pending"
"WO-10373","PROD-103","748","2025-04-15","Pending"
"WO-10374","PROD-102","666","2025-08-21","In Progress"
"WO-10375","PROD-102","487","2025-10-07","In Progress"
"WO-10376","PROD-103","936","2025-06-13","In Progress"
"WO-10377","PROD-101","182","2025-04-13","In Progress"
"WO-10378","PROD-103","344","2025-06-15","Pending"
"WO-10379","PROD-103","284","2025-10-11","In Progress"
"WO-10380","PROD-101","612","2025-05-13","Completed"
"WO-10381","PROD-104","552","2025-08-14","In Progress"
"WO-10382","PROD-102","953","2025-12-16","Pending"
"WO-10383","PROD-101","384","2025-09-11","In Progress"
"WO-10384","PROD-103","553","2025-10-23","Completed"
"WO-10385","PROD-103","832","2025-08-02","Completed"
"WO-10386","PROD-102","824","2025-05-19","Pending"
"WO-10387","PROD-104","618","2025-10-25","Completed"
"WO-10388","PROD-101","799","2025-04-17","In Progress"
"WO-10389","PROD-103","794","2026-01-01","In Progress"
"WO-10390","PROD-102","507","2025-09-26","Completed"
"WO-10391","PROD-103","331","2025-11-29","Pending"
"WO-10392","PROD-101","548","2026-03-09","In Progress"
"WO-10393","PROD-102","747","2025-08-29","In Progress"
"WO-10394","PROD-101","557","2025-07-28","Completed"
"WO-10395","PROD-103","724","2026-03-23","Pending"
"WO-10396","PROD-104","427","2025-07-11","Pending"
"WO-10397","PROD-104","183","2025-09-14","In Progress"
"WO-10398","PROD-104","707","2025-10-04","In Progress"
"WO-10399","PROD-102","949","2026-03-04","In Progress"
"WO-10400","PROD-104","530","2026-02-18","Completed"
"WO-10401","PROD-103","807","2025-09-15","Pending"
"WO-10402","PROD-101","453","2025-12-24","In Progress"
"WO-10403","PROD-102","764","2026-02-26","In Progress"
"WO-10404","PROD-103","530","2025-10-29","Pending"
"WO-10405","PROD-102","321","2025-04-22","Completed"
"WO-10406","PROD-104","523","2025-10-07","Pending"
"WO-10407","PROD-101","659","2026-02-22","In Progress"
"WO-10408","PROD-103","506","2026-02-12","Completed"
"WO-10409","PROD-104","309","2025-06-21","In Progress"
"WO-10410","PROD-104","194","2026-03-01","In Progress"
"WO-10411","PROD-101","507","2025-09-15","In Progress"
"WO-10412","PROD-104","952","2026-01-07","Pending"
"WO-10413","PROD-102","596","2025-11-27","In Progress"
"WO-10414","PROD-103","539","2026-03-07","Completed"
"WO-10415","PROD-104","172","2025-11-11","Pending"
"WO-10416","PROD-103","739","2025-05-24","Completed"
"WO-10417","PROD-104","383","2025-08-13","Completed"
"WO-10418","PROD-104","641","2025-07-18","Pending"
"WO-10419","PROD-103","996","2025-12-11","In Progress"
"WO-10420","PROD-102","198","2025-11-17","Completed"
"WO-10421","PROD-102","482","2026-03-12","Completed"
"WO-10422","PROD-103","540","2025-12-30","Pending"
"WO-10423","PROD-103","911","2025-05-10","Completed"
"WO-10424","PROD-102","584","2025-06-20","Completed"
"WO-10425","PROD-103","772","2025-08-23","Pending"
"WO-10426","PROD-103","855","2025-10-15","In Progress"
"WO-10427","PROD-104","602","2025-11-02","Completed"
"WO-10428","PROD-103","412","2026-02-21","Completed"
"WO-10429","PROD-104","473","2025-04-19","In Progress"
"WO-10430","PROD-102","847","2025-05-26","Pending"
"WO-10431","PROD-101","936","2025-07-13","Completed"
"WO-10432","PROD-104","506","2025-04-24","In Progress"
"WO-10433","PROD-102","510","2026-01-03","Pending"
"WO-10434","PROD-104","603","2025-04-28","Pending"
"WO-10435","PROD-104","130","2026-01-25","Pending"
"WO-10436","PROD-104","344","2025-06-20","Pending"
"WO-10437","PROD-102","243","2025-04-20","In Progress"
"WO-10438","PROD-102","322","2025-11-12","Pending"
"WO-10439","PROD-102","430","2025-10-30","In Progress"
"WO-10440","PROD-104","770","2025-07-05","In Progress"
"WO-10441","PROD-101","403","2025-09-02","Pending"
"WO-10442","PROD-101","779","2025-09-04","In Progress"
"WO-10443","PROD-102","440","2025-11-05","Completed"
"WO-10444","PROD-102","789","2025-10-02","In Progress"
"WO-10445","PROD-104","648","2025-10-15","Pending"
"WO-10446","PROD-101","736","2025-05-30","In Progress"
"WO-10447","PROD-104","164","2025-08-12","In Progress"
"WO-10448","PROD-102","393","2025-09-08","Pending"
"WO-10449","PROD-102","150","2025-11-30","In Progress"
"WO-10450","PROD-103","277","2025-08-30","Pending"
"WO-10451","PROD-104","929","2025-11-13","Pending"
"WO-10452","PROD-102","974","2025-09-16","Completed"
"WO-10453","PROD-102","833","2026-03-02","Pending"
"WO-10454","PROD-103","192","2025-09-02","Pending"
"WO-10455","PROD-102","711","2025-06-12","Completed"
"WO-10456","PROD-102","535","2026-03-22","Completed"
"WO-10457","PROD-102","572","2025-07-24","Completed"
"WO-10458","PROD-102","659","2026-01-02","In Progress"
"WO-10459","PROD-103","687","2025-05-28","In Progress"
"WO-10460","PROD-102","326","2026-02-05","Pending"
"WO-10461","PROD-103","160","2025-05-25","In Progress"
"WO-10462","PROD-104","746","2025-06-22","In Progress"
"WO-10463","PROD-104","936","2026-01-23","Pending"
"WO-10464","PROD-101","178","2025-09-17","In Progress"
"WO-10465","PROD-104","870","2025-11-01","In Progress"
"WO-10466","PROD-103","992","2025-11-23","Pending"
"WO-10467","PROD-103","371","2025-05-14","Pending"
"WO-10468","PROD-102","372","2025-08-21","Pending"
"WO-10469","PROD-103","654","2025-05-03","Completed"
"WO-10470","PROD-104","666","2026-01-11","Pending"
"WO-10471","PROD-104","731","2025-10-25","Pending"
"WO-10472","PROD-101","254","2025-06-18","Completed"
"WO-10473","PROD-103","658","2025-12-12","Pending"
"WO-10474","PROD-103","659","2025-06-13","Pending"
"WO-10475","PROD-104","302","2025-10-23","Completed"
"WO-10476","PROD-103","227","2025-08-31","Completed"
"WO-10477","PROD-104","868","2025-10-27","Completed"
"WO-10478","PROD-101","563","2025-05-19","In Progress"
"WO-10479","PROD-102","180","2026-01-13","Pending"
"WO-10480","PROD-102","315","2025-09-28","In Progress"
"WO-10481","PROD-101","585","2025-05-02","Completed"
"WO-10482","PROD-104","266","2025-12-20","Pending"
"WO-10483","PROD-101","655","2025-08-10","In Progress"
"WO-10484","PROD-102","132","2025-07-24","In Progress"
"WO-10485","PROD-103","529","2026-01-31","In Progress"
"WO-10486","PROD-102","282","2025-05-08","Completed"
"WO-10487","PROD-102","818","2025-07-18","Completed"
"WO-10488","PROD-103","548","2026-03-19","Completed"
"WO-10489","PROD-102","982","2025-12-08","In Progress"
"WO-10490","PROD-101","762","2025-12-27","Completed"
"WO-10491","PROD-101","353","2025-11-28","Pending"
"WO-10492","PROD-102","574","2025-09-30","Completed"
"WO-10493","PROD-103","983","2025-10-03","In Progress"
"WO-10494","PROD-103","121","2026-03-07","Pending"
"WO-10495","PROD-104","563","2026-02-19","Pending"
"WO-10496","PROD-104","419","2025-06-21","Completed"
"WO-10497","PROD-102","940","2026-01-24","Completed"
"WO-10498","PROD-104","499","2026-01-09","Completed"
"WO-10499","PROD-101","666","2025-11-16","Completed"
"WO-10500","PROD-101","132","2025-12-18","Completed"
"WO-10501","PROD-102","381","2025-11-01","Completed"
"WO-10502","PROD-104","635","2025-05-23","In Progress"
"WO-10503","PROD-103","345","2026-02-13","Completed"
"WO-10504","PROD-101","186","2025-05-21","Completed"
"WO-10505","PROD-103","296","2025-06-14","Completed"
"WO-10506","PROD-103","403","2026-01-21","Completed"
"WO-10507","PROD-103","294","2025-09-11","Pending"
"WO-10508","PROD-102","592","2025-10-04","In Progress"
"WO-10509","PROD-101","257","2025-09-15","Pending"
"WO-10510","PROD-103","916","2026-01-08","Completed"
"WO-10511","PROD-104","915","2026-01-09","Completed"
"WO-10512","PROD-103","973","2026-03-24","Pending"
"WO-10513","PROD-102","681","2026-03-02","In Progress"
"WO-10514","PROD-103","352","2025-12-31","In Progress"
"WO-10515","PROD-102","824","2025-10-29","Completed"
"WO-10516","PROD-101","520","2025-11-03","Completed"
"WO-10517","PROD-104","166","2025-04-27","Pending"
"WO-10518","PROD-102","131","2025-10-20","Pending"
"WO-10519","PROD-104","535","2025-10-07","Pending"
"WO-10520","PROD-101","641","2025-09-09","Completed"
"WO-10521","PROD-104","483","2025-04-14","In Progress"
"WO-10522","PROD-104","765","2025-08-10","Pending"
"WO-10523","PROD-103","965","2026-02-13","Pending"
"WO-10524","PROD-101","711","2025-04-12","In Progress"
"WO-10525","PROD-103","790","2025-09-30","In Progress"
"WO-10526","PROD-102","237","2025-12-03","In Progress"
"WO-10527","PROD-102","316","2025-04-24","Pending"
"WO-10528","PROD-102","152","2026-02-08","In Progress"
"WO-10529","PROD-104","359","2025-11-11","In Progress"
"WO-10530","PROD-102","760","2025-04-03","In Progress"
"WO-10531","PROD-101","962","2026-02-01","Completed"
"WO-10532","PROD-102","968","2025-12-24","Pending"
"WO-10533","PROD-101","544","2025-10-31","In Progress"
"WO-10534","PROD-101","854","2025-05-23","Pending"
"WO-10535","PROD-102","100","2025-11-07","In Progress"
"WO-10536","PROD-103","144","2025-10-05","In Progress"
"WO-10537","PROD-104","457","2025-05-17","Pending"
"WO-10538","PROD-103","356","2025-12-16","Completed"
"WO-10539","PROD-102","196","2025-12-23","Completed"
"WO-10540","PROD-101","634","2026-01-08","Pending"
"WO-10541","PROD-101","710","2025-11-03","Completed"
"WO-10542","PROD-103","160","2025-09-07","Pending"
"WO-10543","PROD-101","687","2025-06-29","Pending"
"WO-10544","PROD-104","479","2025-08-13","Pending"
"WO-10545","PROD-104","452","2026-02-07","In Progress"
"WO-10546","PROD-102","236","2025-07-16","Completed"
"WO-10547","PROD-104","425","2025-07-30","In Progress"
"WO-10548","PROD-104","139","2025-10-07","Completed"
"WO-10549","PROD-103","321","2025-11-28","Pending"
"WO-10550","PROD-101","332","2025-11-29","Pending"
"WO-10551","PROD-103","231","2025-08-08","In Progress"
"WO-10552","PROD-101","609","2025-06-27","Pending"
"WO-10553","PROD-102","330","2026-03-08","Pending"
"WO-10554","PROD-101","578","2025-10-30","In Progress"
"WO-10555","PROD-102","129","2026-02-16","Pending"
"WO-10556","PROD-104","776","2025-10-19","In Progress"
"WO-10557","PROD-102","613","2025-09-24","Completed"
"WO-10558","PROD-101","147","2026-02-12","In Progress"
"WO-10559","PROD-102","360","2025-11-03","Pending"
"WO-10560","PROD-104","618","2026-02-23","Pending"
"WO-10561","PROD-101","643","2025-10-20","Completed"
"WO-10562","PROD-103","615","2026-01-22","Pending"
"WO-10563","PROD-102","447","2025-09-18","In Progress"
"WO-10564","PROD-103","947","2025-12-27","In Progress"
"WO-10565","PROD-102","556","2025-05-23","Pending"
"WO-10566","PROD-102","106","2025-08-26","In Progress"
"WO-10567","PROD-101","150","2025-09-04","Pending"
"WO-10568","PROD-102","115","2025-07-05","Pending"
"WO-10569","PROD-104","573","2025-11-11","Completed"
"WO-10570","PROD-102","753","2025-07-30","Completed"
"WO-10571","PROD-103","104","2025-07-08","Completed"
"WO-10572","PROD-103","450","2026-03-04","Completed"
"WO-10573","PROD-102","577","2025-07-15","In Progress"
"WO-10574","PROD-102","257","2025-07-25","Completed"
"WO-10575","PROD-104","967","2025-05-29","Pending"
"WO-10576","PROD-103","204","2025-08-22","In Progress"
"WO-10577","PROD-101","230","2025-05-18","Pending"
"WO-10578","PROD-104","103","2025-10-07","Completed"
"WO-10579","PROD-101","748","2025-04-19","Pending"
"WO-10580","PROD-104","885","2025-12-22","Pending"
"WO-10581","PROD-104","914","2025-10-05","Pending"
"WO-10582","PROD-102","270","2025-08-06","Completed"
"WO-10583","PROD-103","560","2025-05-03","In Progress"
"WO-10584","PROD-104","444","2025-10-16","Pending"
"WO-10585","PROD-103","841","2025-12-28","Pending"
"WO-10586","PROD-101","988","2025-05-01","Completed"
"WO-10587","PROD-103","770","2026-02-26","In Progress"
"WO-10588","PROD-103","244","2026-02-10","Completed"
"WO-10589","PROD-101","700","2025-05-18","In Progress"
"WO-10590","PROD-103","928","2025-06-17","Pending"
"WO-10591","PROD-102","379","2025-08-25","Completed"
"WO-10592","PROD-102","418","2026-01-08","In Progress"
"WO-10593","PROD-102","561","2026-01-05","Pending"
"WO-10594","PROD-104","215","2025-08-01","In Progress"
"WO-10595","PROD-103","979","2025-07-11","Pending"
"WO-10596","PROD-104","548","2025-09-03","In Progress"
"WO-10597","PROD-104","685","2025-04-21","Pending"
"WO-10598","PROD-103","544","2025-08-25","In Progress"
"WO-10599","PROD-101","305","2025-08-25","Pending"
"WO-10600","PROD-102","903","2025-07-16","Completed"
"WO-10601","PROD-102","717","2025-10-27","In Progress"
"WO-10602","PROD-101","127","2026-03-28","In Progress"
"WO-10603","PROD-103","243","2025-12-11","In Progress"
"WO-10604","PROD-104","683","2025-04-03","In Progress"
"WO-10605","PROD-103","526","2025-11-26","In Progress"
"WO-10606","PROD-103","372","2025-11-24","Completed"
"WO-10607","PROD-104","715","2025-12-17","Completed"
"WO-10608","PROD-103","215","2025-09-23","Pending"
"WO-10609","PROD-104","390","2025-10-09","Completed"
"WO-10610","PROD-104","988","2025-05-02","In Progress"
"WO-10611","PROD-103","202","2025-10-18","Completed"
"WO-10612","PROD-101","835","2026-01-24","Completed"
"WO-10613","PROD-104","638","2025-05-12","In Progress"
"WO-10614","PROD-104","838","2026-01-10","Completed"
"WO-10615","PROD-103","546","2026-02-09","In Progress"
"WO-10616","PROD-101","214","2025-07-04","Completed"
"WO-10617","PROD-104","635","2025-05-05","Completed"
"WO-10618","PROD-102","947","2025-12-23","Pending"
"WO-10619","PROD-101","723","2025-08-18","In Progress"
"WO-10620","PROD-104","464","2026-03-18","Pending"
"WO-10621","PROD-101","606","2025-08-11","In Progress"
"WO-10622","PROD-101","262","2025-10-16","Completed"
"WO-10623","PROD-102","364","2025-11-17","In Progress"
"WO-10624","PROD-103","525","2025-06-17","In Progress"
"WO-10625","PROD-103","531","2025-05-05","Pending"
"WO-10626","PROD-103","241","2025-05-11","Completed"
"WO-10627","PROD-102","966","2026-03-03","In Progress"
"WO-10628","PROD-101","986","2026-01-11","Completed"
"WO-10629","PROD-104","504","2025-09-04","Pending"
"WO-10630","PROD-103","349","2025-10-30","Completed"
"WO-10631","PROD-104","426","2025-11-09","In Progress"
"WO-10632","PROD-103","395","2025-09-23","In Progress"
"WO-10633","PROD-101","959","2025-11-25","Pending"
"WO-10634","PROD-103","767","2026-01-03","In Progress"
"WO-10635","PROD-101","507","2026-01-08","Pending"
"WO-10636","PROD-102","184","2025-11-16","Pending"
"WO-10637","PROD-101","254","2025-11-02","Completed"
"WO-10638","PROD-101","357","2026-02-07","Completed"
"WO-10639","PROD-103","614","2025-10-24","In Progress"
"WO-10640","PROD-102","810","2025-08-21","Pending"
"WO-10641","PROD-103","958","2025-08-28","Completed"
"WO-10642","PROD-102","840","2025-06-21","Pending"
"WO-10643","PROD-103","685","2025-08-16","Pending"
"WO-10644","PROD-104","468","2025-04-27","Pending"
"WO-10645","PROD-101","947","2025-08-13","Pending"
"WO-10646","PROD-101","750","2025-09-12","In Progress"
"WO-10647","PROD-102","170","2025-09-04","Pending"
"WO-10648","PROD-101","875","2025-10-20","In Progress"
"WO-10649","PROD-102","735","2025-05-27","In Progress"
"WO-10650","PROD-102","563","2026-01-20","In Progress"
"WO-10651","PROD-102","563","2025-04-26","Completed"
"WO-10652","PROD-101","118","2025-09-21","Pending"
"WO-10653","PROD-104","574","2025-07-16","Completed"
"WO-10654","PROD-104","616","2025-05-01","In Progress"
"WO-10655","PROD-102","414","2025-12-18","Completed"
"WO-10656","PROD-102","628","2025-07-07","In Progress"
"WO-10657","PROD-102","283","2025-08-08","Pending"
"WO-10658","PROD-104","521","2026-03-20","In Progress"
"WO-10659","PROD-104","495","2025-04-02","In Progress"
"WO-10660","PROD-104","893","2026-01-10","Completed"
"WO-10661","PROD-102","987","2025-12-26","Completed"
"WO-10662","PROD-102","267","2025-04-14","Completed"
"WO-10663","PROD-101","325","2025-11-15","In Progress"
"WO-10664","PROD-102","149","2025-09-23","Pending"
"WO-10665","PROD-104","427","2026-03-23","In Progress"
"WO-10666","PROD-104","782","2025-05-18","Completed"
"WO-10667","PROD-101","771","2025-05-19","In Progress"
"WO-10668","PROD-101","593","2025-09-23","Completed"
"WO-10669","PROD-102","169","2025-12-08","Pending"
"WO-10670","PROD-102","988","2025-09-10","Completed"
"WO-10671","PROD-101","480","2026-02-10","In Progress"
"WO-10672","PROD-101","226","2026-02-16","In Progress"
"WO-10673","PROD-102","974","2025-09-01","Completed"
"WO-10674","PROD-104","448","2026-03-01","Completed"
"WO-10675","PROD-103","934","2026-02-18","In Progress"
"WO-10676","PROD-104","757","2025-07-11","In Progress"
"WO-10677","PROD-102","455","2025-07-03","Pending"
"WO-10678","PROD-101","577","2025-10-20","In Progress"
"WO-10679","PROD-102","844","2026-02-19","In Progress"
"WO-10680","PROD-102","407","2025-04-15","Pending"
"WO-10681","PROD-104","117","2025-09-29","Completed"
"WO-10682","PROD-102","114","2026-01-11","In Progress"
"WO-10683","PROD-103","761","2025-11-29","In Progress"
"WO-10684","PROD-103","622","2025-09-29","Completed"
"WO-10685","PROD-104","169","2025-10-18","In Progress"
"WO-10686","PROD-102","704","2025-05-26","In Progress"
"WO-10687","PROD-103","880","2025-11-11","Completed"
"WO-10688","PROD-104","961","2025-11-11","In Progress"
"WO-10689","PROD-103","968","2026-02-12","Pending"
"WO-10690","PROD-101","325","2025-06-29","In Progress"
"WO-10691","PROD-104","559","2025-05-31","Pending"
"WO-10692","PROD-101","552","2025-12-15","Completed"
"WO-10693","PROD-102","942","2025-12-10","In Progress"
"WO-10694","PROD-101","705","2025-09-22","In Progress"
"WO-10695","PROD-101","985","2026-01-30","In Progress"
"WO-10696","PROD-104","331","2025-10-04","Pending"
"WO-10697","PROD-104","417","2025-11-17","Pending"
"WO-10698","PROD-102","275","2025-10-09","Pending"
"WO-10699","PROD-102","296","2025-12-19","In Progress"
"WO-10700","PROD-104","457","2026-03-11","In Progress"
"WO-10701","PROD-103","283","2026-03-19","Pending"
"WO-10702","PROD-104","981","2025-04-23","In Progress"
"WO-10703","PROD-102","617","2025-06-05","Pending"
"WO-10704","PROD-102","607","2025-10-10","In Progress"
"WO-10705","PROD-101","605","2025-04-13","Pending"
"WO-10706","PROD-103","750","2026-01-22","In Progress"
"WO-10707","PROD-101","515","2025-04-18","Completed"
"WO-10708","PROD-104","539","2025-06-23","Completed"
"WO-10709","PROD-104","691","2025-08-09","In Progress"
"WO-10710","PROD-101","121","2026-01-28","Pending"
"WO-10711","PROD-101","996","2025-10-24","Pending"
"WO-10712","PROD-101","857","2025-09-14","Pending"
"WO-10713","PROD-101","556","2025-04-07","Completed"
"WO-10714","PROD-103","406","2025-05-12","Pending"
"WO-10715","PROD-102","738","2025-07-20","Pending"
"WO-10716","PROD-101","604","2025-08-26","In Progress"
"WO-10717","PROD-102","310","2025-05-22","Pending"
"WO-10718","PROD-103","247","2026-02-13","Pending"
"WO-10719","PROD-101","910","2025-11-21","In Progress"
"WO-10720","PROD-102","329","2025-06-22","Completed"
"WO-10721","PROD-104","442","2025-09-01","Pending"
"WO-10722","PROD-101","636","2025-09-26","Completed"
"WO-10723","PROD-101","438","2025-07-05","Pending"
"WO-10724","PROD-103","174","2025-04-25","Pending"
"WO-10725","PROD-102","627","2025-10-14","In Progress"
"WO-10726","PROD-101","562","2025-06-27","Pending"
"WO-10727","PROD-101","882","2025-12-18","Pending"
"WO-10728","PROD-101","947","2025-10-12","Pending"
"WO-10729","PROD-101","241","2025-08-24","Completed"
"WO-10730","PROD-101","436","2025-09-07","Pending"
"WO-10731","PROD-104","141","2025-11-22","In Progress"
"WO-10732","PROD-101","337","2025-05-12","Pending"
"WO-10733","PROD-102","409","2025-04-21","In Progress"
"WO-10734","PROD-101","755","2025-07-06","In Progress"
"WO-10735","PROD-104","536","2026-02-23","Pending"
"WO-10736","PROD-101","899","2025-12-17","Completed"
"WO-10737","PROD-102","224","2025-12-01","In Progress"
"WO-10738","PROD-102","620","2025-10-14","Pending"
"WO-10739","PROD-103","549","2025-11-25","Pending"
"WO-10740","PROD-102","783","2026-01-30","Pending"
"WO-10741","PROD-103","985","2025-08-01","In Progress"
"WO-10742","PROD-102","724","2025-05-24","Pending"
"WO-10743","PROD-103","311","2025-12-31","Completed"
"WO-10744","PROD-104","378","2025-11-03","In Progress"
"WO-10745","PROD-104","890","2025-08-31","Completed"
"WO-10746","PROD-102","672","2026-01-13","Completed"
"WO-10747","PROD-102","930","2026-02-07","In Progress"
"WO-10748","PROD-102","698","2025-05-23","Pending"
"WO-10749","PROD-104","253","2025-10-25","Pending"
"WO-10750","PROD-102","465","2025-12-31","In Progress"
"WO-10751","PROD-102","137","2025-05-18","In Progress"
"WO-10752","PROD-103","117","2025-04-03","In Progress"
"WO-10753","PROD-104","663","2025-09-13","In Progress"
"WO-10754","PROD-103","397","2025-06-14","In Progress"
"WO-10755","PROD-103","231","2026-02-02","In Progress"
"WO-10756","PROD-102","461","2025-12-18","Pending"
"WO-10757","PROD-104","125","2025-06-17","Pending"
"WO-10758","PROD-102","163","2026-02-07","Pending"
"WO-10759","PROD-102","698","2025-05-18","Completed"
"WO-10760","PROD-104","292","2025-09-23","In Progress"
"WO-10761","PROD-103","622","2025-07-04","In Progress"
"WO-10762","PROD-101","531","2025-07-01","Pending"
"WO-10763","PROD-102","529","2025-05-06","Pending"
"WO-10764","PROD-104","458","2025-08-11","Completed"
"WO-10765","PROD-102","351","2025-10-22","In Progress"
"WO-10766","PROD-101","356","2025-07-13","In Progress"
"WO-10767","PROD-102","731","2025-05-08","In Progress"
"WO-10768","PROD-103","628","2025-07-22","Pending"
"WO-10769","PROD-103","413","2025-05-11","In Progress"
"WO-10770","PROD-103","721","2025-09-05","Pending"
"WO-10771","PROD-101","650","2025-10-03","Pending"
"WO-10772","PROD-101","885","2025-06-21","In Progress"
"WO-10773","PROD-104","726","2025-12-22","Pending"
"WO-10774","PROD-104","180","2026-03-07","Pending"
"WO-10775","PROD-103","248","2026-01-18","In Progress"
"WO-10776","PROD-101","112","2025-10-19","Pending"
"WO-10777","PROD-101","454","2025-08-16","In Progress"
"WO-10778","PROD-103","263","2025-09-30","Pending"
"WO-10779","PROD-102","859","2025-11-07","In Progress"
"WO-10780","PROD-104","770","2025-05-05","Completed"
"WO-10781","PROD-104","167","2025-12-09","Pending"
"WO-10782","PROD-102","885","2025-11-23","Completed"
"WO-10783","PROD-101","965","2026-01-21","In Progress"
"WO-10784","PROD-103","226","2025-09-14","Completed"
"WO-10785","PROD-102","474","2026-01-09","In Progress"
"WO-10786","PROD-102","548","2025-06-11","In Progress"
"WO-10787","PROD-101","365","2026-03-29","Completed"
"WO-10788","PROD-101","504","2025-07-04","In Progress"
"WO-10789","PROD-102","761","2025-07-12","In Progress"
"WO-10790","PROD-102","586","2025-08-25","Completed"
"WO-10791","PROD-102","987","2025-05-31","Pending"
"WO-10792","PROD-103","169","2025-08-14","In Progress"
"WO-10793","PROD-102","831","2025-09-28","Pending"
"WO-10794","PROD-101","894","2025-08-24","Completed"
"WO-10795","PROD-101","288","2025-10-20","Pending"
"WO-10796","PROD-101","485","2025-05-29","In Progress"
"WO-10797","PROD-102","465","2025-07-30","In Progress"
"WO-10798","PROD-104","968","2025-07-30","Pending"
"WO-10799","PROD-103","881","2025-11-10","In Progress"
"WO-10800","PROD-104","647","2026-03-10","Pending"
"WO-10801","PROD-103","671","2025-10-29","Completed"
"WO-10802","PROD-101","182","2025-11-18","Completed"
"WO-10803","PROD-101","393","2025-05-04","Pending"
"WO-10804","PROD-103","867","2025-06-21","In Progress"
"WO-10805","PROD-104","777","2026-03-26","Completed"
"WO-10806","PROD-102","789","2026-02-05","Completed"
"WO-10807","PROD-102","747","2025-05-11","Pending"
"WO-10808","PROD-101","167","2025-07-22","In Progress"
"WO-10809","PROD-103","499","2025-04-10","In Progress"
"WO-10810","PROD-103","318","2025-06-29","In Progress"
"WO-10811","PROD-103","549","2025-09-24","Pending"
"WO-10812","PROD-102","133","2025-07-28","Completed"
"WO-10813","PROD-101","401","2025-05-05","Completed"
"WO-10814","PROD-104","872","2025-08-12","In Progress"
"WO-10815","PROD-104","709","2026-02-04","In Progress"
"WO-10816","PROD-104","972","2025-11-20","Completed"
"WO-10817","PROD-102","116","2026-02-08","In Progress"
"WO-10818","PROD-104","149","2025-07-14","Pending"
"WO-10819","PROD-104","643","2025-05-05","Completed"
"WO-10820","PROD-102","354","2025-05-28","Completed"
"WO-10821","PROD-102","256","2025-09-21","Completed"
"WO-10822","PROD-102","925","2025-08-23","In Progress"
"WO-10823","PROD-103","559","2025-12-04","In Progress"
"WO-10824","PROD-101","192","2025-11-06","Pending"
"WO-10825","PROD-104","761","2025-12-31","Pending"
"WO-10826","PROD-102","225","2025-06-29","Completed"
"WO-10827","PROD-102","872","2026-01-17","Completed"
"WO-10828","PROD-103","513","2025-09-11","Completed"
"WO-10829","PROD-102","464","2025-12-26","Completed"
"WO-10830","PROD-101","553","2026-02-10","Pending"
"WO-10831","PROD-104","1000","2025-12-20","In Progress"
"WO-10832","PROD-104","969","2026-03-08","In Progress"
"WO-10833","PROD-103","492","2026-03-22","Completed"
"WO-10834","PROD-104","290","2025-10-07","Pending"
"WO-10835","PROD-102","998","2025-05-29","Completed"
"WO-10836","PROD-102","876","2025-09-20","Completed"
"WO-10837","PROD-101","653","2025-06-24","Pending"
"WO-10838","PROD-102","163","2026-03-17","Completed"
"WO-10839","PROD-102","898","2025-11-18","Completed"
"WO-10840","PROD-102","118","2025-04-28","In Progress"
"WO-10841","PROD-103","107","2025-04-29","In Progress"
"WO-10842","PROD-103","822","2025-09-08","Completed"
"WO-10843","PROD-102","663","2025-06-01","Completed"
"WO-10844","PROD-103","616","2025-04-06","Pending"
"WO-10845","PROD-104","260","2026-03-24","Pending"
"WO-10846","PROD-102","714","2026-03-26","In Progress"
"WO-10847","PROD-101","606","2026-03-30","Pending"
"WO-10848","PROD-101","937","2025-08-16","Completed"
"WO-10849","PROD-102","544","2026-01-26","Pending"
"WO-10850","PROD-101","716","2026-02-09","Pending"
"WO-10851","PROD-102","456","2026-01-19","Completed"
"WO-10852","PROD-103","256","2025-05-28","Completed"
"WO-10853","PROD-102","240","2025-09-03","Pending"
"WO-10854","PROD-103","917","2025-10-12","Pending"
"WO-10855","PROD-103","552","2025-09-25","Pending"
"WO-10856","PROD-104","652","2026-01-09","Completed"
"WO-10857","PROD-103","606","2025-09-23","In Progress"
"WO-10858","PROD-104","514","2026-03-27","In Progress"
"WO-10859","PROD-102","978","2025-05-12","In Progress"
"WO-10860","PROD-101","822","2025-04-14","In Progress"
"WO-10861","PROD-104","331","2025-12-06","Completed"
"WO-10862","PROD-103","919","2025-08-20","Completed"
"WO-10863","PROD-101","265","2025-07-01","Pending"
"WO-10864","PROD-103","706","2026-01-25","Pending"
"WO-10865","PROD-101","786","2025-08-11","Completed"
"WO-10866","PROD-102","831","2026-03-11","Completed"
"WO-10867","PROD-104","524","2026-02-17","In Progress"
"WO-10868","PROD-102","806","2025-08-05","In Progress"
"WO-10869","PROD-103","156","2025-08-29","In Progress"
"WO-10870","PROD-101","406","2026-03-06","Completed"
"WO-10871","PROD-103","417","2026-02-12","Completed"
"WO-10872","PROD-101","973","2025-11-10","Pending"
"WO-10873","PROD-101","194","2025-11-05","Pending"
"WO-10874","PROD-104","279","2025-05-30","In Progress"
"WO-10875","PROD-104","829","2025-10-03","In Progress"
"WO-10876","PROD-103","573","2025-06-15","Pending"
"WO-10877","PROD-101","349","2026-03-10","Pending"
"WO-10878","PROD-103","231","2025-05-13","In Progress"
"WO-10879","PROD-104","369","2025-05-12","Pending"
"WO-10880","PROD-104","953","2025-11-15","Completed"
"WO-10881","PROD-102","505","2025-06-22","Pending"
"WO-10882","PROD-103","495","2025-05-01","Completed"
"WO-10883","PROD-103","163","2026-02-26","In Progress"
"WO-10884","PROD-101","822","2025-06-11","Pending"
"WO-10885","PROD-102","759","2026-03-08","Pending"
"WO-10886","PROD-101","404","2025-12-06","In Progress"
"WO-10887","PROD-104","238","2026-03-17","In Progress"
"WO-10888","PROD-102","215","2025-06-16","Completed"
"WO-10889","PROD-101","454","2026-03-19","In Progress"
"WO-10890","PROD-104","333","2025-08-03","Completed"
"WO-10891","PROD-103","342","2025-11-19","In Progress"
"WO-10892","PROD-104","219","2025-11-19","In Progress"
"WO-10893","PROD-102","112","2025-12-08","Completed"
"WO-10894","PROD-104","733","2025-07-19","Completed"
"WO-10895","PROD-104","207","2025-04-13","Completed"
"WO-10896","PROD-103","123","2025-10-23","Completed"
"WO-10897","PROD-102","212","2025-05-26","Completed"
"WO-10898","PROD-104","836","2025-10-08","Completed"
"WO-10899","PROD-101","611","2026-03-24","Completed"
"WO-10900","PROD-104","597","2025-12-27","Pending"
"WO-10901","PROD-103","144","2025-11-22","Completed"
"WO-10902","PROD-104","202","2026-02-10","In Progress"
"WO-10903","PROD-104","580","2025-12-12","Pending"
"WO-10904","PROD-104","630","2025-07-15","In Progress"
"WO-10905","PROD-101","378","2025-12-16","Pending"
"WO-10906","PROD-102","573","2025-08-13","Completed"
"WO-10907","PROD-104","954","2025-11-14","Pending"
"WO-10908","PROD-103","173","2025-09-15","Completed"
"WO-10909","PROD-103","854","2025-07-23","In Progress"
"WO-10910","PROD-101","548","2025-06-17","Pending"
"WO-10911","PROD-104","689","2026-03-27","Completed"
"WO-10912","PROD-101","347","2025-08-11","Pending"
"WO-10913","PROD-104","696","2025-11-30","Completed"
"WO-10914","PROD-104","158","2025-07-19","Pending"
"WO-10915","PROD-104","450","2025-04-26","In Progress"
"WO-10916","PROD-104","264","2025-10-16","In Progress"
"WO-10917","PROD-101","612","2026-02-18","Completed"
"WO-10918","PROD-103","994","2025-05-10","Pending"
"WO-10919","PROD-104","200","2025-09-04","Pending"
"WO-10920","PROD-101","333","2025-08-19","In Progress"
"WO-10921","PROD-103","557","2025-08-03","In Progress"
"WO-10922","PROD-101","193","2025-04-20","Pending"
"WO-10923","PROD-104","139","2025-06-28","Pending"
"WO-10924","PROD-101","738","2025-10-02","Pending"
"WO-10925","PROD-102","950","2025-09-28","Completed"
"WO-10926","PROD-103","593","2025-04-14","Completed"
"WO-10927","PROD-101","740","2025-12-08","Pending"
"WO-10928","PROD-104","828","2025-10-18","Completed"
"WO-10929","PROD-104","705","2026-01-09","Completed"
"WO-10930","PROD-102","958","2025-09-05","In Progress"
"WO-10931","PROD-102","748","2026-03-08","Pending"
"WO-10932","PROD-102","988","2025-06-01","Pending"
"WO-10933","PROD-102","633","2025-10-08","Pending"
"WO-10934","PROD-102","436","2025-11-01","Completed"
"WO-10935","PROD-104","697","2025-07-11","Pending"
"WO-10936","PROD-103","111","2026-01-23","In Progress"
"WO-10937","PROD-101","728","2025-04-18","Completed"
"WO-10938","PROD-101","654","2025-09-19","Pending"
"WO-10939","PROD-103","427","2025-10-21","Completed"
"WO-10940","PROD-104","639","2025-06-10","Completed"
"WO-10941","PROD-102","676","2025-11-08","In Progress"
"WO-10942","PROD-101","401","2026-03-10","In Progress"
"WO-10943","PROD-103","832","2026-01-24","Pending"
"WO-10944","PROD-101","538","2025-05-27","Pending"
"WO-10945","PROD-101","131","2026-01-12","Completed"
"WO-10946","PROD-101","842","2025-05-31","In Progress"
"WO-10947","PROD-101","702","2025-06-28","Pending"
"WO-10948","PROD-102","913","2025-09-18","Completed"
"WO-10949","PROD-102","934","2026-01-16","Pending"
"WO-10950","PROD-103","411","2025-05-27","Completed"
"WO-10951","PROD-102","835","2025-10-03","In Progress"
"WO-10952","PROD-102","109","2026-03-17","Pending"
"WO-10953","PROD-104","380","2025-04-29","In Progress"
"WO-10954","PROD-102","724","2025-12-09","Pending"
"WO-10955","PROD-102","601","2025-12-12","Completed"
"WO-10956","PROD-101","638","2025-08-19","Pending"
"WO-10957","PROD-102","180","2026-01-26","In Progress"
"WO-10958","PROD-102","237","2025-07-05","Pending"
"WO-10959","PROD-104","648","2025-10-04","In Progress"
"WO-10960","PROD-103","695","2025-05-07","Pending"
"WO-10961","PROD-103","931","2026-02-24","Pending"
"WO-10962","PROD-103","540","2025-11-25","Completed"
"WO-10963","PROD-104","736","2025-07-15","Pending"
"WO-10964","PROD-103","105","2025-06-22","Completed"
"WO-10965","PROD-101","510","2026-01-04","Pending"
"WO-10966","PROD-104","225","2025-07-01","Completed"
"WO-10967","PROD-104","839","2025-10-12","Pending"
"WO-10968","PROD-104","760","2025-08-27","In Progress"
"WO-10969","PROD-101","909","2025-10-08","Pending"
"WO-10970","PROD-104","368","2026-03-29","Pending"
"WO-10971","PROD-102","761","2026-01-20","Pending"
"WO-10972","PROD-102","694","2025-12-10","In Progress"
"WO-10973","PROD-102","375","2025-05-23","Pending"
"WO-10974","PROD-102","125","2025-10-24","In Progress"
"WO-10975","PROD-102","955","2026-03-22","Completed"
"WO-10976","PROD-101","856","2025-08-30","Pending"
"WO-10977","PROD-104","395","2025-09-07","Completed"
"WO-10978","PROD-102","443","2026-01-26","In Progress"
"WO-10979","PROD-104","258","2025-08-06","In Progress"
"WO-10980","PROD-103","464","2025-10-12","In Progress"
"WO-10981","PROD-104","576","2025-12-24","Pending"
"WO-10982","PROD-101","393","2025-06-15","Completed"
"WO-10983","PROD-104","799","2025-11-04","Completed"
"WO-10984","PROD-104","394","2026-02-19","Completed"
"WO-10985","PROD-103","931","2026-02-09","Completed"
"WO-10986","PROD-103","280","2026-03-30","Completed"
"WO-10987","PROD-103","136","2025-05-13","Pending"
"WO-10988","PROD-101","107","2025-08-19","In Progress"
"WO-10989","PROD-104","868","2025-12-11","Completed"
"WO-10990","PROD-101","704","2025-10-10","In Progress"
"WO-10991","PROD-101","711","2026-01-07","In Progress"
"WO-10992","PROD-102","570","2025-08-09","In Progress"
"WO-10993","PROD-103","592","2025-11-11","In Progress"
"WO-10994","PROD-104","476","2026-02-17","In Progress"
"WO-10995","PROD-101","374","2025-07-09","Pending"
"WO-10996","PROD-104","551","2025-09-16","Pending"
"WO-10997","PROD-101","885","2025-04-30","Completed"
"WO-10998","PROD-103","633","2025-08-06","In Progress"
"WO-10999","PROD-103","462","2026-02-12","Pending"
"WO-11000","PROD-102","870","2025-11-18","Pending"